pass_id,team,success,P_t,V_t,G_t,error_type
0,Newcastle,1,0.6653,0.2754,0.428,Success
1,Newcastle,1,0.7004,0.2733,0.4375,Success
2,Newcastle,0,0.4576,0.3959,0.4256,Structure Error — Trapped
3,Auckland FC,1,0.7713,0.2924,0.4749,Success
4,Auckland FC,0,0.4098,0.2983,0.3496,Structure Error — Trapped
5,Newcastle,0,0.3987,0.2263,0.3004,Structure Error — Trapped
6,Auckland FC,1,0.3475,0.3542,0.3508,Success
7,Auckland FC,0,0.0741,0.651,0.2197,Structure Error — Overambitious
8,Newcastle,1,0.7489,0.1506,0.3358,Success
9,Newcastle,1,0.7555,0.1651,0.3532,Success
10,Newcastle,0,0.035,0.3128,0.1047,Structure Error — Overambitious
11,Auckland FC,1,0.4918,0.5266,0.5089,Success
12,Auckland FC,1,0.2783,0.3619,0.3173,Success
13,Auckland FC,1,0.7403,0.3115,0.4802,Success
14,Auckland FC,0,0.4413,0.2634,0.3409,Structure Error — Trapped
15,Auckland FC,1,0.6458,0.245,0.3978,Success
16,Auckland FC,1,0.5575,0.2335,0.3608,Success
17,Auckland FC,0,0.3516,0.1901,0.2585,Structure Error — Trapped
18,Newcastle,1,0.6154,0.4511,0.5269,Success
19,Newcastle,1,0.7069,0.4092,0.5378,Success
20,Newcastle,1,0.7323,0.4694,0.5863,Success
21,Newcastle,1,0.7283,0.4541,0.5751,Success
22,Newcastle,1,0.6941,0.4528,0.5606,Success
23,Newcastle,1,0.7409,0.3819,0.5319,Success
24,Newcastle,1,0.7266,0.3304,0.49,Success
25,Newcastle,1,0.7151,0.3292,0.4852,Success
26,Newcastle,1,0.48,0.2601,0.3534,Success
27,Newcastle,1,0.6988,0.2661,0.4312,Success
28,Newcastle,1,0.2293,0.1922,0.2099,Success
29,Newcastle,1,0.2259,0.2668,0.2455,Success
30,Newcastle,1,0.7134,0.3362,0.4897,Success
31,Auckland FC,0,0.147,0.2231,0.1811,Structure Error — Overambitious
32,Newcastle,1,0.0996,0.5805,0.2405,Success
33,Newcastle,1,0.7213,0.5209,0.613,Success
34,Auckland FC,1,0.5093,0.155,0.281,Success
35,Auckland FC,1,0.291,0.2024,0.2427,Success
36,Auckland FC,0,0.4018,0.218,0.296,Structure Error — Trapped
37,Newcastle,1,0.555,0.4845,0.5185,Success
38,Auckland FC,0,0.4617,0.2125,0.3132,Structure Error — Trapped
39,Newcastle,1,0.5841,0.4159,0.4929,Success
40,Newcastle,1,0.688,0.4128,0.5329,Success
41,Newcastle,1,0.7254,0.4825,0.5916,Success
42,Newcastle,1,0.3982,0.425,0.4114,Success
43,Newcastle,1,0.6588,0.4941,0.5705,Success
44,Newcastle,1,0.7252,0.4102,0.5454,Success
45,Newcastle,1,0.7275,0.3636,0.5143,Success
46,Newcastle,1,0.7508,0.2955,0.471,Success
47,Newcastle,1,0.6077,0.2352,0.3781,Success
48,Newcastle,1,0.7391,0.2629,0.4408,Success
49,Newcastle,1,0.7381,0.224,0.4066,Success
50,Newcastle,1,0.7069,0.2393,0.4113,Success
51,Newcastle,1,0.7256,0.2213,0.4007,Success
52,Newcastle,1,0.6513,0.2187,0.3774,Success
53,Newcastle,1,0.4603,0.2321,0.3269,Success
54,Newcastle,1,0.7275,0.2546,0.4304,Success
55,Newcastle,1,0.3665,0.2355,0.2938,Success
56,Newcastle,1,0.5579,0.3017,0.4102,Success
57,Newcastle,1,0.7559,0.2461,0.4313,Success
58,Newcastle,1,0.7496,0.2207,0.4067,Success
59,Newcastle,1,0.7055,0.232,0.4046,Success
60,Newcastle,1,0.5944,0.2724,0.4024,Success
61,Newcastle,1,0.3038,0.4268,0.3601,Success
62,Newcastle,1,0.7225,0.3774,0.5222,Success
63,Newcastle,1,0.7622,0.3325,0.5034,Success
64,Newcastle,1,0.7609,0.3862,0.5421,Success
65,Newcastle,1,0.7552,0.3579,0.5199,Success
66,Newcastle,1,0.7823,0.3587,0.5297,Success
67,Newcastle,1,0.78,0.3304,0.5077,Success
68,Newcastle,1,0.6068,0.4518,0.5236,Success
69,Newcastle,1,0.7829,0.3542,0.5266,Success
70,Newcastle,1,0.438,0.3933,0.415,Success
71,Newcastle,1,0.7215,0.3655,0.5135,Success
72,Newcastle,1,0.6982,0.3548,0.4977,Success
73,Newcastle,1,0.3916,0.3305,0.3598,Success
74,Newcastle,0,0.5324,0.3547,0.4346,Passer Error
75,Newcastle,0,0.196,0.358,0.2649,Structure Error — Overambitious
76,Newcastle,1,0.0633,0.4003,0.1591,Success
77,Newcastle,1,0.2797,0.3689,0.3212,Success
78,Auckland FC,1,0.6565,0.2766,0.4261,Success
79,Auckland FC,1,0.7371,0.2652,0.4421,Success
80,Auckland FC,1,0.707,0.2689,0.436,Success
81,Auckland FC,1,0.752,0.2826,0.461,Success
82,Auckland FC,1,0.7009,0.2984,0.4573,Success
83,Auckland FC,1,0.7341,0.3973,0.5401,Success
84,Auckland FC,1,0.7389,0.3054,0.475,Success
85,Auckland FC,1,0.6355,0.2237,0.377,Success
86,Auckland FC,1,0.5694,0.3736,0.4612,Success
87,Newcastle,1,0.0284,0.3259,0.0961,Success
88,Newcastle,1,0.3726,0.4041,0.388,Success
89,Auckland FC,0,0.2715,0.3274,0.2982,Structure Error — Overambitious
90,Newcastle,1,0.334,0.2096,0.2646,Success
91,Newcastle,0,0.3758,0.3148,0.344,Structure Error — Trapped
92,Auckland FC,0,0.5631,0.3427,0.4393,Passer Error
93,Newcastle,1,0.0796,0.2982,0.154,Success
94,Auckland FC,0,0.368,0.3213,0.3438,Structure Error — Trapped
95,Auckland FC,1,0.5128,0.4355,0.4726,Success
96,Auckland FC,1,0.7097,0.3819,0.5206,Success
97,Newcastle,1,0.3494,0.1685,0.2426,Success
98,Newcastle,1,0.6973,0.2541,0.4209,Success
99,Newcastle,1,0.7524,0.1664,0.3538,Success
100,Newcastle,0,0.2992,0.242,0.2691,Structure Error — Trapped
101,Auckland FC,1,0.6192,0.4653,0.5368,Success
102,Newcastle,1,0.0819,0.2195,0.1341,Success
103,Newcastle,1,0.6844,0.2812,0.4387,Success
104,Newcastle,1,0.6804,0.3007,0.4523,Success
105,Newcastle,0,0.6752,0.3537,0.4887,Passer Error
106,Auckland FC,1,0.4375,0.242,0.3254,Success
107,Auckland FC,0,0.0775,0.3237,0.1584,Structure Error — Overambitious
108,Newcastle,1,0.0834,0.433,0.19,Success
109,Newcastle,1,0.7914,0.3356,0.5154,Success
110,Newcastle,0,0.2331,0.4057,0.3075,Structure Error — Overambitious
111,Auckland FC,1,0.4046,0.1767,0.2674,Success
112,Auckland FC,1,0.5092,0.1794,0.3022,Success
113,Auckland FC,0,0.7588,0.2303,0.418,Structure Error — Trapped
114,Newcastle,1,0.768,0.4159,0.5652,Success
115,Newcastle,1,0.3572,0.4569,0.404,Success
116,Newcastle,1,0.7186,0.4005,0.5365,Success
117,Newcastle,1,0.7269,0.4412,0.5663,Success
118,Newcastle,1,0.6771,0.3333,0.4751,Success
120,Auckland FC,1,0.4473,0.253,0.3364,Success
121,Auckland FC,1,0.3514,0.3424,0.3469,Success
122,Newcastle,1,0.4394,0.2317,0.3191,Success
123,Newcastle,0,0.1344,0.1625,0.1478,Structure Error — Overambitious
124,Auckland FC,1,0.4471,0.4305,0.4387,Success
125,Auckland FC,1,0.7111,0.3565,0.5035,Success
126,Auckland FC,1,0.7514,0.3739,0.5301,Success
127,Auckland FC,1,0.7343,0.4023,0.5435,Success
128,Auckland FC,1,0.811,0.4262,0.5879,Success
129,Auckland FC,1,0.7319,0.3806,0.5278,Success
130,Auckland FC,1,0.7263,0.488,0.5953,Success
131,Auckland FC,1,0.5003,0.4118,0.4539,Success
132,Auckland FC,1,0.3606,0.4686,0.4111,Success
133,Auckland FC,1,0.7445,0.3951,0.5423,Success
134,Auckland FC,1,0.7525,0.3736,0.5302,Success
135,Auckland FC,1,0.7391,0.4144,0.5534,Success
136,Auckland FC,1,0.7475,0.4168,0.5582,Success
137,Auckland FC,0,0.5562,0.3551,0.4444,Passer Error
138,Newcastle,1,0.2295,0.2536,0.2412,Success
139,Newcastle,1,0.4618,0.2281,0.3246,Success
140,Newcastle,1,0.7661,0.2535,0.4407,Success
141,Newcastle,1,0.7814,0.23,0.4239,Success
142,Newcastle,1,0.6299,0.194,0.3496,Success
143,Newcastle,1,0.7797,0.2098,0.4045,Success
144,Newcastle,1,0.4529,0.1938,0.2963,Success
145,Newcastle,1,0.4436,0.209,0.3045,Success
146,Newcastle,1,0.7673,0.1951,0.3869,Success
147,Newcastle,1,0.7815,0.2057,0.401,Success
148,Newcastle,1,0.7831,0.1583,0.3521,Success
149,Newcastle,1,0.742,0.2131,0.3977,Success
150,Newcastle,1,0.5622,0.2196,0.3514,Success
151,Newcastle,1,0.6868,0.2059,0.3761,Success
152,Newcastle,1,0.7639,0.2367,0.4252,Success
153,Newcastle,1,0.0722,0.3535,0.1598,Success
154,Newcastle,1,0.5262,0.2517,0.3639,Success
155,Newcastle,1,0.5067,0.2633,0.3653,Success
156,Newcastle,0,0.3301,0.4099,0.3679,Structure Error — Overambitious
157,Auckland FC,0,0.0644,0.2132,0.1171,Structure Error — Overambitious
158,Newcastle,1,0.7836,0.3195,0.5004,Success
159,Newcastle,1,0.7825,0.283,0.4706,Success
160,Newcastle,1,0.7895,0.2836,0.4732,Success
161,Newcastle,1,0.5149,0.2542,0.3618,Success
162,Newcastle,1,0.7633,0.2747,0.4579,Success
163,Newcastle,1,0.7367,0.3745,0.5252,Success
164,Newcastle,1,0.2493,0.3194,0.2822,Success
165,Auckland FC,0,0.2113,0.3511,0.2724,Structure Error — Overambitious
166,Newcastle,1,0.2319,0.4098,0.3083,Success
167,Auckland FC,0,0.3428,0.1435,0.2218,Structure Error — Trapped
168,Auckland FC,1,0.1462,0.1475,0.1469,Success
169,Newcastle,0,0.7251,0.6948,0.7098,Passer Error
170,Auckland FC,1,0.3377,0.1782,0.2453,Success
171,Auckland FC,0,0.3432,0.2001,0.262,Structure Error — Trapped
172,Auckland FC,0,0.7209,0.2581,0.4313,Passer Error
173,Auckland FC,1,0.7815,0.2601,0.4509,Success
174,Auckland FC,1,0.7219,0.2148,0.3938,Success
175,Auckland FC,1,0.6066,0.2809,0.4128,Success
176,Auckland FC,1,0.7069,0.3014,0.4616,Success
177,Auckland FC,1,0.1805,0.3987,0.2682,Success
178,Auckland FC,1,0.7962,0.3979,0.5628,Success
179,Auckland FC,1,0.635,0.4399,0.5285,Success
180,Auckland FC,1,0.7659,0.4478,0.5856,Success
181,Auckland FC,1,0.7258,0.4481,0.5703,Success
182,Auckland FC,1,0.7352,0.4062,0.5465,Success
183,Auckland FC,1,0.6981,0.3187,0.4717,Success
184,Auckland FC,0,0.6522,0.4071,0.5153,Passer Error
185,Newcastle,0,0.158,0.3611,0.2388,Structure Error — Overambitious
186,Auckland FC,0,0.4959,0.3422,0.4119,Structure Error — Trapped
187,Newcastle,1,0.8255,0.2619,0.465,Success
188,Newcastle,1,0.6962,0.2456,0.4135,Success
189,Newcastle,1,0.426,0.23,0.313,Success
190,Newcastle,1,0.4456,0.2244,0.3162,Success
191,Newcastle,1,0.0906,0.3349,0.1742,Success
192,Auckland FC,1,0.7038,0.2172,0.391,Success
193,Auckland FC,1,0.7411,0.2524,0.4325,Success
194,Auckland FC,1,0.6964,0.2432,0.4115,Success
195,Auckland FC,1,0.7616,0.2529,0.4389,Success
196,Auckland FC,0,0.7392,0.3806,0.5304,Passer Error
197,Newcastle,1,0.497,0.1982,0.3139,Success
198,Newcastle,0,0.2065,0.2886,0.2441,Structure Error — Overambitious
199,Auckland FC,1,0.7557,0.4888,0.6078,Success
200,Auckland FC,0,0.6272,0.5473,0.5859,Passer Error
202,Auckland FC,1,0.7356,0.4471,0.5735,Success
203,Auckland FC,1,0.7655,0.4269,0.5717,Success
204,Auckland FC,1,0.5833,0.4311,0.5015,Success
205,Auckland FC,1,0.6909,0.3899,0.519,Success
206,Auckland FC,1,0.7633,0.3974,0.5508,Success
207,Auckland FC,1,0.7394,0.3876,0.5354,Success
208,Auckland FC,0,0.6538,0.462,0.5496,Passer Error
209,Newcastle,1,0.7818,0.2374,0.4308,Success
210,Newcastle,1,0.3467,0.2072,0.268,Success
211,Newcastle,1,0.7129,0.2103,0.3872,Success
212,Auckland FC,0,0.3201,0.442,0.3762,Structure Error — Overambitious
213,Newcastle,1,0.6666,0.218,0.3812,Success
214,Newcastle,1,0.2408,0.3179,0.2767,Success
215,Newcastle,0,0.5773,0.2137,0.3512,Structure Error — Trapped
216,Auckland FC,1,0.5006,0.4063,0.451,Success
217,Auckland FC,0,0.0813,0.568,0.2149,Structure Error — Overambitious
218,Newcastle,1,0.7754,0.1558,0.3476,Success
219,Newcastle,1,0.8031,0.1941,0.3948,Success
220,Newcastle,1,0.2209,0.2581,0.2388,Success
221,Newcastle,1,0.751,0.2148,0.4016,Success
222,Newcastle,1,0.6332,0.2492,0.3972,Success
223,Newcastle,1,0.7661,0.3437,0.5131,Success
224,Newcastle,1,0.1937,0.3443,0.2582,Success
225,Newcastle,1,0.7047,0.3868,0.5221,Success
226,Auckland FC,1,0.7719,0.1673,0.3594,Success
227,Auckland FC,1,0.4923,0.2134,0.3241,Success
228,Auckland FC,0,0.143,0.1984,0.1684,Structure Error — Overambitious
229,Newcastle,1,0.5206,0.5989,0.5584,Success
230,Auckland FC,1,0.6976,0.2906,0.4503,Success
231,Auckland FC,1,0.2984,0.3842,0.3386,Success
232,Newcastle,1,0.6883,0.1761,0.3482,Success
233,Newcastle,0,0.2555,0.2673,0.2613,Structure Error — Overambitious
234,Newcastle,0,0.2364,0.1912,0.2126,Structure Error — Trapped
235,Newcastle,1,0.2387,0.2055,0.2215,Success
236,Newcastle,1,0.5985,0.2502,0.387,Success
237,Newcastle,1,0.4438,0.2089,0.3045,Success
238,Auckland FC,1,0.6699,0.3688,0.497,Success
239,Auckland FC,1,0.7775,0.3131,0.4934,Success
240,Auckland FC,1,0.753,0.3455,0.51,Success
241,Auckland FC,0,0.4442,0.421,0.4325,Passer Error
242,Newcastle,1,0.7151,0.2057,0.3835,Success
243,Auckland FC,0,0.2872,0.4537,0.361,Structure Error — Overambitious
244,Newcastle,1,0.3487,0.2252,0.2802,Success
245,Newcastle,0,0.3542,0.2357,0.289,Structure Error — Trapped
246,Auckland FC,1,0.5907,0.2354,0.3729,Success
247,Auckland FC,1,0.7542,0.2677,0.4493,Success
248,Auckland FC,1,0.748,0.2559,0.4375,Success
249,Auckland FC,1,0.7463,0.2112,0.397,Success
250,Auckland FC,1,0.7836,0.249,0.4417,Success
251,Auckland FC,1,0.7464,0.3311,0.4971,Success
252,Auckland FC,1,0.5609,0.2659,0.3862,Success
253,Auckland FC,1,0.7781,0.3242,0.5022,Success
254,Auckland FC,0,0.6347,0.3651,0.4814,Passer Error
255,Auckland FC,0,0.229,0.4807,0.3318,Structure Error — Overambitious
256,Newcastle,1,0.6277,0.175,0.3314,Success
258,Auckland FC,1,0.1813,0.471,0.2922,Success
259,Newcastle,0,0.1658,0.3674,0.2468,Structure Error — Overambitious
260,Auckland FC,1,0.4557,0.4463,0.451,Success
261,Auckland FC,1,0.8065,0.3241,0.5112,Success
262,Auckland FC,1,0.6901,0.3677,0.5037,Success
263,Auckland FC,1,0.6247,0.3676,0.4792,Success
265,Auckland FC,1,0.7444,0.5778,0.6558,Success
266,Auckland FC,0,0.083,0.593,0.2218,Structure Error — Overambitious
267,Newcastle,0,0.2231,0.2183,0.2207,Structure Error — Trapped
268,Auckland FC,1,0.8024,0.4194,0.5801,Success
269,Auckland FC,1,0.6836,0.4073,0.5277,Success
270,Auckland FC,1,0.7209,0.3638,0.5121,Success
271,Auckland FC,1,0.6622,0.4387,0.539,Success
272,Auckland FC,1,0.7552,0.3609,0.5221,Success
273,Auckland FC,1,0.7464,0.3339,0.4992,Success
274,Auckland FC,1,0.7911,0.3385,0.5175,Success
275,Auckland FC,1,0.7569,0.3196,0.4918,Success
276,Auckland FC,0,0.2037,0.4699,0.3094,Structure Error — Overambitious
277,Auckland FC,1,0.7642,0.4315,0.5742,Success
278,Auckland FC,0,0.0124,0.5601,0.0833,Structure Error — Overambitious
279,Newcastle,0,0.794,0.1716,0.3691,Structure Error — Trapped
280,Auckland FC,0,0.2272,0.6017,0.3697,Structure Error — Overambitious
281,Newcastle,1,0.5649,0.3054,0.4154,Success
282,Newcastle,1,0.5049,0.2699,0.3692,Success
283,Newcastle,0,0.712,0.2864,0.4516,Passer Error
284,Auckland FC,1,0.6928,0.1902,0.363,Success
285,Auckland FC,1,0.7627,0.2181,0.4079,Success
286,Auckland FC,1,0.306,0.1795,0.2344,Success
287,Auckland FC,1,0.5419,0.2856,0.3934,Success
288,Auckland FC,1,0.4842,0.223,0.3286,Success
289,Auckland FC,1,0.7271,0.1859,0.3676,Success
290,Auckland FC,1,0.7854,0.2248,0.4202,Success
291,Auckland FC,1,0.7455,0.2845,0.4605,Success
292,Auckland FC,1,0.7377,0.2359,0.4172,Success
293,Auckland FC,1,0.7147,0.2935,0.458,Success
294,Auckland FC,1,0.7613,0.4257,0.5693,Success
295,Auckland FC,1,0.4227,0.3241,0.3701,Success
296,Auckland FC,1,0.75,0.4065,0.5521,Success
297,Auckland FC,1,0.7613,0.3606,0.5239,Success
298,Auckland FC,1,0.7465,0.4046,0.5496,Success
299,Auckland FC,1,0.2641,0.5279,0.3734,Success
300,Auckland FC,1,0.4693,0.5547,0.5102,Success
301,Auckland FC,1,0.0243,0.655,0.1262,Success
302,Auckland FC,1,0.7698,0.6284,0.6955,Success
303,Auckland FC,1,0.7444,0.5228,0.6238,Success
304,Auckland FC,1,0.794,0.5025,0.6317,Success
305,Auckland FC,1,0.3122,0.4781,0.3863,Success
306,Auckland FC,1,0.8578,0.4968,0.6528,Success
307,Auckland FC,1,0.1873,0.8295,0.3942,Success
308,Auckland FC,1,0.7232,0.4744,0.5857,Success
309,Auckland FC,1,0.7696,0.4949,0.6171,Success
310,Auckland FC,0,0.0659,0.6416,0.2056,Structure Error — Overambitious
311,Newcastle,1,0.4827,0.165,0.2822,Success
312,Auckland FC,1,0.7691,0.4606,0.5952,Success
313,Auckland FC,0,0.0061,0.6293,0.062,Structure Error — Overambitious
314,Newcastle,1,0.7995,0.1919,0.3917,Success
315,Newcastle,0,0.6214,0.3313,0.4537,Passer Error
316,Auckland FC,1,0.5278,0.4719,0.4991,Success
317,Auckland FC,1,0.7697,0.3773,0.5389,Success
318,Auckland FC,1,0.7037,0.3412,0.49,Success
319,Auckland FC,1,0.7532,0.3356,0.5028,Success
320,Auckland FC,1,0.7906,0.3292,0.5102,Success
321,Auckland FC,1,0.7669,0.3477,0.5164,Success
322,Auckland FC,1,0.7667,0.4008,0.5543,Success
323,Auckland FC,1,0.7499,0.3837,0.5364,Success
324,Auckland FC,1,0.0603,0.3883,0.153,Success
325,Auckland FC,1,0.5064,0.4241,0.4634,Success
326,Auckland FC,0,0.1334,0.5256,0.2647,Structure Error — Overambitious
327,Newcastle,0,0.2031,0.284,0.2401,Structure Error — Overambitious
328,Newcastle,1,0.0413,0.2318,0.0978,Success
329,Auckland FC,1,0.6033,0.4217,0.5044,Success
330,Auckland FC,1,0.7746,0.4237,0.5729,Success
331,Auckland FC,1,0.7843,0.4614,0.6016,Success
332,Auckland FC,1,0.7436,0.3554,0.5141,Success
333,Auckland FC,1,0.7006,0.3997,0.5292,Success
334,Auckland FC,0,0.1753,0.4823,0.2908,Structure Error — Overambitious
335,Newcastle,0,0.2311,0.276,0.2525,Structure Error — Overambitious
336,Auckland FC,1,0.7477,0.5102,0.6176,Success
337,Auckland FC,1,0.0686,0.4191,0.1696,Success
338,Newcastle,0,0.2184,0.2393,0.2286,Structure Error — Overambitious
339,Auckland FC,1,0.6914,0.4352,0.5485,Success
340,Auckland FC,1,0.7779,0.3885,0.5497,Success
341,Auckland FC,1,0.7334,0.3979,0.5402,Success
342,Auckland FC,1,0.7789,0.4437,0.5879,Success
343,Auckland FC,1,0.6334,0.4241,0.5183,Success
344,Auckland FC,1,0.6462,0.4661,0.5488,Success
345,Auckland FC,1,0.7905,0.4812,0.6167,Success
346,Auckland FC,1,0.3595,0.452,0.4031,Success
347,Auckland FC,0,0.068,0.6069,0.2032,Structure Error — Overambitious
348,Newcastle,1,0.2096,0.2308,0.2199,Success
349,Newcastle,1,0.3022,0.1798,0.2331,Success
350,Newcastle,1,0.6964,0.1881,0.3619,Success
351,Newcastle,1,0.5462,0.2097,0.3384,Success
352,Newcastle,1,0.7775,0.2079,0.4021,Success
353,Newcastle,1,0.5803,0.2073,0.3468,Success
354,Newcastle,1,0.8395,0.1921,0.4016,Success
355,Newcastle,1,0.4117,0.2641,0.3297,Success
356,Newcastle,0,0.1223,0.2376,0.1704,Structure Error — Overambitious
357,Auckland FC,1,0.7681,0.3805,0.5406,Success
358,Auckland FC,1,0.8172,0.3245,0.515,Success
359,Auckland FC,1,0.7689,0.3251,0.5,Success
360,Auckland FC,1,0.7173,0.2065,0.3849,Success
361,Auckland FC,1,0.787,0.2047,0.4014,Success
362,Auckland FC,1,0.7834,0.237,0.4309,Success
363,Auckland FC,1,0.8079,0.2093,0.4112,Success
364,Auckland FC,1,0.7287,0.2423,0.4202,Success
365,Auckland FC,1,0.7933,0.3359,0.5162,Success
366,Auckland FC,1,0.7522,0.2373,0.4225,Success
367,Auckland FC,1,0.7865,0.2754,0.4654,Success
368,Auckland FC,1,0.7321,0.2193,0.4007,Success
369,Auckland FC,0,0.6557,0.3273,0.4633,Passer Error
370,Newcastle,1,0.763,0.396,0.5497,Success
371,Newcastle,1,0.7982,0.2848,0.4768,Success
372,Newcastle,1,0.7941,0.2838,0.4747,Success
373,Newcastle,1,0.786,0.2202,0.416,Success
374,Newcastle,1,0.245,0.3532,0.2942,Success
375,Newcastle,0,0.612,0.639,0.6254,Passer Error
376,Auckland FC,1,0.7561,0.1642,0.3523,Success
377,Auckland FC,1,0.7561,0.1767,0.3655,Success
378,Auckland FC,0,0.492,0.1856,0.3022,Structure Error — Trapped
379,Newcastle,0,0.308,0.5889,0.4259,Structure Error — Overambitious
380,Auckland FC,0,0.4031,0.3359,0.368,Structure Error — Trapped
381,Auckland FC,1,0.7371,0.4156,0.5535,Success
382,Auckland FC,0,0.5729,0.4027,0.4803,Passer Error
383,Auckland FC,0,0.3997,0.5939,0.4872,Passer Error
384,Newcastle,1,0.3063,0.1809,0.2354,Success
385,Auckland FC,0,0.6639,0.5269,0.5915,Passer Error
386,Auckland FC,0,0.225,0.5817,0.3618,Structure Error — Overambitious
388,Auckland FC,1,0.387,0.621,0.4902,Success
389,Auckland FC,1,0.3366,0.6155,0.4552,Success
390,Auckland FC,1,0.3641,0.4531,0.4062,Success
391,Auckland FC,1,0.7762,0.4981,0.6218,Success
392,Auckland FC,1,0.6516,0.637,0.6443,Success
393,Auckland FC,1,0.7256,0.6443,0.6837,Success
394,Auckland FC,0,0.6336,0.5879,0.6103,Passer Error
395,Newcastle,1,0.6215,0.1591,0.3144,Success
396,Newcastle,0,0.0953,0.2386,0.1508,Structure Error — Overambitious
397,Auckland FC,1,0.7138,0.2316,0.4066,Success
398,Auckland FC,1,0.7847,0.2847,0.4727,Success
399,Auckland FC,1,0.694,0.2483,0.4151,Success
400,Auckland FC,1,0.7828,0.2353,0.4292,Success
401,Auckland FC,1,0.5045,0.2256,0.3374,Success
402,Auckland FC,1,0.7913,0.327,0.5087,Success
403,Auckland FC,0,0.286,0.3088,0.2972,Structure Error — Overambitious
404,Auckland FC,1,0.6685,0.2591,0.4162,Success
405,Auckland FC,1,0.8172,0.2523,0.4541,Success
406,Auckland FC,0,0.3559,0.4016,0.378,Structure Error — Overambitious
407,Auckland FC,1,0.823,0.2652,0.4672,Success
408,Auckland FC,1,0.7552,0.2521,0.4363,Success
409,Auckland FC,1,0.7929,0.376,0.546,Success
410,Auckland FC,1,0.5999,0.3165,0.4357,Success
411,Auckland FC,1,0.7732,0.3324,0.507,Success
412,Auckland FC,1,0.7935,0.3488,0.5261,Success
413,Auckland FC,1,0.7873,0.3947,0.5575,Success
414,Auckland FC,1,0.6281,0.3414,0.4631,Success
415,Auckland FC,0,0.5696,0.2768,0.3971,Structure Error — Trapped
416,Newcastle,0,0.1696,0.3668,0.2494,Structure Error — Overambitious
417,Auckland FC,1,0.8276,0.3553,0.5423,Success
418,Auckland FC,1,0.7752,0.2975,0.4802,Success
419,Auckland FC,1,0.7946,0.2714,0.4644,Success
420,Auckland FC,1,0.7518,0.1948,0.3827,Success
421,Auckland FC,1,0.8305,0.2378,0.4444,Success
422,Auckland FC,1,0.4235,0.3624,0.3918,Success
423,Auckland FC,1,0.4579,0.5712,0.5114,Success
424,Auckland FC,0,0.0111,0.5865,0.0806,Structure Error — Overambitious
425,Newcastle,0,0.6285,0.2135,0.3663,Structure Error — Trapped
426,Auckland FC,1,0.4478,0.5652,0.5031,Success
427,Auckland FC,1,0.4463,0.4739,0.4599,Success
428,Auckland FC,1,0.7428,0.5646,0.6476,Success
429,Auckland FC,1,0.2263,0.5814,0.3627,Success
430,Auckland FC,1,0.4741,0.466,0.47,Success
431,Auckland FC,1,0.124,0.5739,0.2668,Success
432,Newcastle,1,0.8635,0.1448,0.3536,Success
433,Newcastle,1,0.7418,0.1994,0.3846,Success
434,Newcastle,1,0.7467,0.2724,0.451,Success
435,Newcastle,1,0.835,0.2011,0.4098,Success
436,Auckland FC,1,0.5791,0.5671,0.5731,Success
437,Auckland FC,1,0.2391,0.6693,0.4,Success
438,Newcastle,1,0.765,0.1806,0.3717,Success
439,Newcastle,1,0.6475,0.3381,0.4679,Success
440,Newcastle,1,0.3178,0.2181,0.2633,Success
441,Newcastle,1,0.1004,0.3708,0.193,Success
442,Newcastle,1,0.7979,0.3153,0.5016,Success
443,Newcastle,1,0.8078,0.2954,0.4885,Success
444,Newcastle,1,0.829,0.3058,0.5035,Success
445,Newcastle,1,0.6047,0.3038,0.4286,Success
446,Newcastle,1,0.7105,0.3972,0.5312,Success
447,Newcastle,0,0.3654,0.3542,0.3598,Structure Error — Trapped
448,Auckland FC,1,0.835,0.2101,0.4188,Success
449,Auckland FC,1,0.7877,0.2961,0.4829,Success
450,Auckland FC,1,0.8194,0.2301,0.4342,Success
451,Auckland FC,1,0.724,0.192,0.3728,Success
452,Auckland FC,1,0.819,0.1947,0.3993,Success
453,Auckland FC,1,0.6973,0.2291,0.3997,Success
454,Auckland FC,1,0.7924,0.3034,0.4903,Success
455,Auckland FC,1,0.7803,0.2438,0.4362,Success
456,Auckland FC,1,0.7916,0.2369,0.4331,Success
457,Auckland FC,1,0.7845,0.2726,0.4624,Success
458,Auckland FC,1,0.5954,0.2972,0.4207,Success
459,Auckland FC,0,0.2405,0.2767,0.258,Structure Error — Overambitious
460,Auckland FC,0,0.0717,0.2767,0.1408,Structure Error — Overambitious
461,Newcastle,1,0.6465,0.3404,0.4691,Success
462,Newcastle,0,0.226,0.3167,0.2675,Structure Error — Overambitious
463,Auckland FC,0,0.1423,0.3603,0.2264,Structure Error — Overambitious
464,Newcastle,0,0.4559,0.3536,0.4015,Structure Error — Trapped
465,Auckland FC,1,0.6125,0.333,0.4516,Success
466,Auckland FC,1,0.7815,0.2999,0.4841,Success
467,Auckland FC,1,0.3971,0.2012,0.2827,Success
468,Auckland FC,1,0.8018,0.2728,0.4677,Success
469,Auckland FC,1,0.7578,0.317,0.4901,Success
470,Auckland FC,1,0.8061,0.3732,0.5485,Success
471,Auckland FC,1,0.4824,0.3905,0.434,Success
472,Auckland FC,0,0.0893,0.7227,0.254,Structure Error — Overambitious
473,Newcastle,0,0.6295,0.1885,0.3445,Structure Error — Trapped
474,Newcastle,1,0.4411,0.1624,0.2676,Success
475,Newcastle,1,0.8319,0.2211,0.4289,Success
476,Newcastle,1,0.6918,0.2359,0.404,Success
477,Newcastle,1,0.7991,0.2453,0.4427,Success
478,Newcastle,1,0.7435,0.2918,0.4658,Success
479,Newcastle,1,0.5988,0.1897,0.337,Success
480,Newcastle,0,0.7105,0.3809,0.5202,Passer Error
481,Auckland FC,1,0.5353,0.2397,0.3582,Success
482,Auckland FC,1,0.681,0.1938,0.3633,Success
483,Auckland FC,1,0.4553,0.2551,0.3408,Success
484,Auckland FC,1,0.7193,0.2006,0.3799,Success
485,Auckland FC,1,0.5964,0.2522,0.3878,Success
486,Auckland FC,1,0.7751,0.4385,0.583,Success
487,Auckland FC,1,0.674,0.4132,0.5277,Success
488,Auckland FC,1,0.7979,0.4485,0.5982,Success
489,Auckland FC,1,0.7757,0.4453,0.5877,Success
490,Auckland FC,1,0.8347,0.4176,0.5904,Success
491,Auckland FC,1,0.791,0.4755,0.6133,Success
492,Auckland FC,1,0.8079,0.4611,0.6103,Success
493,Auckland FC,1,0.5308,0.4381,0.4822,Success
494,Auckland FC,1,0.8313,0.4611,0.6191,Success
495,Auckland FC,1,0.7662,0.4459,0.5845,Success
496,Auckland FC,1,0.7896,0.4498,0.5959,Success
497,Auckland FC,1,0.7885,0.4454,0.5926,Success
498,Auckland FC,1,0.7881,0.4603,0.6023,Success
499,Auckland FC,1,0.8526,0.436,0.6097,Success
500,Auckland FC,1,0.7782,0.4345,0.5815,Success
501,Auckland FC,1,0.7568,0.4857,0.6063,Success
502,Auckland FC,1,0.4098,0.4284,0.419,Success
503,Auckland FC,0,0.7479,0.3922,0.5416,Passer Error
504,Newcastle,1,0.5145,0.1758,0.3007,Success
505,Newcastle,1,0.674,0.2034,0.3702,Success
506,Newcastle,1,0.809,0.2331,0.4343,Success
507,Newcastle,1,0.818,0.1982,0.4027,Success
508,Newcastle,1,0.8136,0.2613,0.4611,Success
509,Newcastle,1,0.808,0.2933,0.4868,Success
510,Newcastle,1,0.3585,0.4,0.3787,Success
511,Newcastle,1,0.1121,0.4423,0.2227,Success
512,Auckland FC,0,0.1779,0.2284,0.2016,Structure Error — Overambitious
513,Newcastle,0,0.3289,0.3678,0.3478,Structure Error — Overambitious
514,Auckland FC,1,0.7757,0.5491,0.6526,Success
515,Auckland FC,0,0.7213,0.3552,0.5062,Passer Error
518,Newcastle,0,0.2337,0.4295,0.3168,Structure Error — Overambitious
519,Auckland FC,1,0.5986,0.2321,0.3727,Success
520,Auckland FC,1,0.7504,0.3213,0.491,Success
521,Auckland FC,0,0.1081,0.1587,0.131,Structure Error — Overambitious
522,Auckland FC,1,0.5882,0.6795,0.6322,Success
523,Auckland FC,1,0.8061,0.5361,0.6574,Success
524,Auckland FC,1,0.7379,0.53,0.6254,Success
525,Auckland FC,1,0.7149,0.3298,0.4856,Success
526,Auckland FC,1,0.8194,0.3328,0.5222,Success
527,Auckland FC,1,0.76,0.3659,0.5273,Success
528,Auckland FC,1,0.5097,0.3037,0.3935,Success
529,Auckland FC,1,0.3165,0.2964,0.3063,Success
530,Auckland FC,1,0.8304,0.2148,0.4223,Success
531,Auckland FC,0,0.0167,0.1399,0.0483,Structure Error — Overambitious
532,Newcastle,0,0.4675,0.7352,0.5862,Passer Error
533,Auckland FC,1,0.4363,0.1722,0.2741,Success
534,Auckland FC,1,0.74,0.2197,0.4032,Success
535,Auckland FC,1,0.8412,0.2927,0.4962,Success
536,Auckland FC,1,0.8043,0.2319,0.4319,Success
537,Auckland FC,1,0.6122,0.1639,0.3168,Success
538,Auckland FC,1,0.7197,0.1869,0.3668,Success
539,Auckland FC,1,0.4195,0.1888,0.2814,Success
540,Auckland FC,1,0.2327,0.172,0.2,Success
541,Auckland FC,1,0.6146,0.2001,0.3507,Success
542,Auckland FC,1,0.8524,0.2185,0.4316,Success
543,Auckland FC,1,0.4277,0.1433,0.2476,Success
544,Auckland FC,1,0.7347,0.3289,0.4916,Success
545,Auckland FC,1,0.8438,0.2541,0.4631,Success
546,Auckland FC,0,0.0553,0.1511,0.0914,Structure Error — Overambitious
547,Newcastle,1,0.2945,0.4667,0.3708,Success
548,Newcastle,1,0.3547,0.432,0.3914,Success
549,Newcastle,1,0.113,0.3951,0.2113,Success
550,Newcastle,1,0.1977,0.3744,0.2721,Success
551,Newcastle,1,0.057,0.3539,0.142,Success
552,Auckland FC,1,0.8389,0.2558,0.4632,Success
553,Newcastle,1,0.5137,0.3926,0.4491,Success
554,Newcastle,1,0.8229,0.3923,0.5682,Success
555,Newcastle,1,0.7948,0.4885,0.6231,Success
556,Newcastle,1,0.1194,0.278,0.1822,Success
557,Newcastle,1,0.8174,0.3046,0.499,Success
558,Newcastle,0,0.3988,0.137,0.2337,Structure Error — Trapped
559,Auckland FC,0,0.5178,0.5138,0.5158,Passer Error
560,Newcastle,1,0.6575,0.7343,0.6948,Success
561,Newcastle,1,0.8385,0.6237,0.7232,Success
562,Newcastle,1,0.7792,0.7981,0.7886,Success
563,Newcastle,0,0.3371,0.3179,0.3274,Structure Error — Trapped
564,Auckland FC,1,0.6199,0.2778,0.415,Success
565,Auckland FC,1,0.7427,0.2295,0.4129,Success
566,Auckland FC,1,0.5633,0.2106,0.3444,Success
567,Auckland FC,1,0.581,0.4413,0.5064,Success
568,Auckland FC,1,0.7704,0.4773,0.6064,Success
569,Auckland FC,1,0.7942,0.3206,0.5046,Success
570,Newcastle,1,0.199,0.3833,0.2762,Success
571,Newcastle,1,0.7419,0.5723,0.6516,Success
572,Newcastle,1,0.7926,0.4135,0.5725,Success
573,Newcastle,1,0.6029,0.3846,0.4815,Success
574,Newcastle,0,0.2732,0.3089,0.2905,Structure Error — Overambitious
575,Auckland FC,0,0.5741,0.3062,0.4193,Structure Error — Trapped
576,Newcastle,1,0.8543,0.6196,0.7276,Success
577,Newcastle,1,0.7907,0.4482,0.5953,Success
578,Newcastle,1,0.7717,0.348,0.5182,Success
579,Auckland FC,1,0.6251,0.2902,0.4259,Success
580,Auckland FC,1,0.7332,0.1581,0.3405,Success
581,Auckland FC,1,0.1188,0.1808,0.1466,Success
582,Auckland FC,0,0.852,0.1856,0.3977,Structure Error — Trapped
583,Newcastle,1,0.7925,0.7143,0.7524,Success
584,Newcastle,1,0.7739,0.5329,0.6422,Success
585,Newcastle,1,0.6079,0.4669,0.5328,Success
586,Newcastle,1,0.702,0.31,0.4665,Success
587,Newcastle,1,0.1988,0.3687,0.2707,Success
588,Newcastle,1,0.7377,0.4647,0.5855,Success
589,Newcastle,1,0.7785,0.2831,0.4695,Success
590,Newcastle,1,0.6139,0.1174,0.2685,Success
591,Newcastle,1,0.0452,0.1652,0.0864,Success
592,Newcastle,1,0.0772,0.1613,0.1116,Success
593,Newcastle,0,0.0899,0.1702,0.1237,Structure Error — Overambitious
594,Auckland FC,0,0.7225,0.562,0.6372,Passer Error
595,Newcastle,0,0.5684,0.1672,0.3083,Structure Error — Trapped
596,Newcastle,0,0.773,0.1869,0.3801,Structure Error — Trapped
597,Newcastle,0,0.4157,0.1479,0.248,Structure Error — Trapped
598,Newcastle,1,0.475,0.2689,0.3574,Success
599,Newcastle,1,0.7894,0.2714,0.4629,Success
600,Newcastle,1,0.831,0.4075,0.5819,Success
601,Newcastle,1,0.3982,0.2701,0.328,Success
602,Newcastle,1,0.1262,0.813,0.3203,Success
603,Newcastle,1,0.8183,0.5918,0.6959,Success
604,Newcastle,1,0.7671,0.5498,0.6494,Success
605,Newcastle,1,0.8123,0.5231,0.6518,Success
606,Newcastle,1,0.6013,0.5745,0.5878,Success
607,Newcastle,1,0.8554,0.7267,0.7884,Success
608,Newcastle,0,0.142,0.364,0.2274,Structure Error — Overambitious
609,Auckland FC,1,0.8354,0.4313,0.6002,Success
610,Newcastle,1,0.6973,0.2848,0.4456,Success
611,Newcastle,1,0.7065,0.2632,0.4312,Success
612,Newcastle,1,0.5587,0.1427,0.2824,Success
613,Auckland FC,1,0.1187,0.4102,0.2206,Success
614,Auckland FC,1,0.7639,0.3612,0.5253,Success
615,Auckland FC,1,0.8368,0.4426,0.6086,Success
616,Auckland FC,1,0.7837,0.2619,0.453,Success
617,Auckland FC,0,0.4313,0.2241,0.3109,Structure Error — Trapped
618,Auckland FC,1,0.8404,0.2967,0.4993,Success
619,Auckland FC,1,0.7678,0.1567,0.3469,Success
620,Auckland FC,0,0.7862,0.1535,0.3474,Structure Error — Trapped
621,Auckland FC,1,0.6879,0.1547,0.3262,Success
622,Auckland FC,1,0.6091,0.1417,0.2938,Success
623,Auckland FC,0,0.0803,0.1478,0.109,Structure Error — Overambitious
624,Newcastle,1,0.5836,0.7155,0.6462,Success
625,Auckland FC,1,0.8293,0.2047,0.412,Success
626,Auckland FC,1,0.4709,0.2733,0.3587,Success
627,Auckland FC,1,0.8169,0.247,0.4492,Success
628,Auckland FC,1,0.7018,0.3696,0.5093,Success
629,Auckland FC,1,0.8165,0.3974,0.5696,Success
630,Auckland FC,1,0.7436,0.2004,0.386,Success
631,Auckland FC,1,0.7946,0.3481,0.5259,Success
632,Auckland FC,1,0.6192,0.2603,0.4015,Success
633,Auckland FC,0,0.6434,0.1807,0.341,Structure Error — Trapped
634,Newcastle,1,0.6599,0.8021,0.7275,Success
635,Newcastle,0,0.2321,0.3216,0.2732,Structure Error — Overambitious
636,Auckland FC,1,0.8547,0.3376,0.5372,Success
637,Auckland FC,1,0.8003,0.245,0.4428,Success
638,Auckland FC,1,0.8273,0.1972,0.4039,Success
639,Newcastle,1,0.4234,0.6059,0.5065,Success
640,Newcastle,1,0.7393,0.6149,0.6742,Success
641,Newcastle,0,0.3289,0.4952,0.4036,Structure Error — Overambitious
642,Newcastle,1,0.5697,0.3004,0.4137,Success
643,Newcastle,0,0.599,0.1891,0.3366,Structure Error — Trapped
644,Auckland FC,1,0.5682,0.9382,0.7301,Success
646,Newcastle,1,0.8123,0.3581,0.5393,Success
647,Newcastle,1,0.6621,0.3441,0.4773,Success
648,Newcastle,1,0.861,0.4479,0.621,Success
649,Newcastle,1,0.7681,0.4765,0.605,Success
650,Newcastle,1,0.8361,0.4761,0.6309,Success
651,Newcastle,1,0.8054,0.5221,0.6484,Success
652,Newcastle,1,0.7462,0.3688,0.5246,Success
653,Newcastle,1,0.7775,0.3294,0.5061,Success
654,Newcastle,1,0.7905,0.242,0.4374,Success
655,Newcastle,1,0.5933,0.2414,0.3784,Success
656,Auckland FC,1,0.5192,0.5938,0.5553,Success
657,Auckland FC,1,0.7726,0.5409,0.6464,Success
658,Auckland FC,1,0.7716,0.4414,0.5836,Success
659,Auckland FC,1,0.7953,0.2841,0.4753,Success
660,Auckland FC,1,0.8238,0.5422,0.6683,Success
661,Auckland FC,1,0.4755,0.4034,0.438,Success
662,Auckland FC,1,0.8041,0.2783,0.4731,Success
663,Auckland FC,1,0.8193,0.366,0.5476,Success
664,Auckland FC,1,0.4609,0.2651,0.3496,Success
665,Auckland FC,1,0.1478,0.2112,0.1767,Success
666,Auckland FC,1,0.351,0.1187,0.2041,Success
667,Auckland FC,0,0.321,0.1216,0.1976,Structure Error — Trapped
669,Newcastle,1,0.2256,0.3747,0.2908,Success
670,Auckland FC,1,0.4283,0.2136,0.3025,Success
671,Auckland FC,0,0.7572,0.1577,0.3455,Structure Error — Trapped
672,Newcastle,1,0.7992,0.4419,0.5943,Success
673,Auckland FC,1,0.8349,0.3914,0.5716,Success
674,Auckland FC,1,0.766,0.3684,0.5312,Success
675,Auckland FC,1,0.8287,0.3858,0.5654,Success
676,Auckland FC,1,0.492,0.2717,0.3656,Success
677,Auckland FC,1,0.5379,0.1951,0.3239,Success
678,Auckland FC,1,0.2774,0.1251,0.1863,Success
